year,forest_area
2011,12.43448689
2012,12.41054733
2013,12.38655528
2014,12.3625105
2015,12.33841285
2016,12.31787582
2017,12.29728848
2018,12.27665067
2019,12.25596223
2020,12.23522292